Order_ID,Order_Date,Product,Category,Quantity,Unit_Price,Region
1001,2026-01-05,Laptop,Electronics,2,55000,North
1002,2026-01-12,Mouse,Electronics,5,800,South
1003,2026-01-20,Keyboard,Electronics,3,1500,East
1004,2026-02-03,Monitor,Electronics,2,12000,West
1005,2026-02-10,Office Chair,Furniture,4,7500,North
1006,2026-02-18,Desk,Furniture,2,9000,South
1007,2026-03-02,Laptop,Electronics,1,55000,East
1008,2026-03-09,Headphones,Electronics,6,2500,West
1009,2026-03-17,Notebook,Stationery,20,120,North
1010,2026-03-25,Pen,Stationery,50,20,South
1011,2026-04-04,Monitor,Electronics,3,12000,East
1012,2026-04-11,Office Chair,Furniture,2,7500,West
1013,2026-04-19,Desk,Furniture,3,9000,North
1014,2026-05-06,Keyboard,Electronics,5,1500,South
1015,2026-05-14,Mouse,Electronics,10,800,East
1016,2026-05-22,Laptop,Electronics,2,55000,West
1017,2026-06-01,Headphones,Electronics,8,2500,North
1018,2026-06-08,Notebook,Stationery,30,120,South
1019,2026-06-16,Pen,Stationery,80,20,East
1020,2026-06-24,Office Chair,Furniture,3,7500,West